Index;Generated Text;Actual Text
0;textured dress;combined organza dress
1;sleeved cap with front and front caps;combined patch cap
2;rattan lampshade lamp;medium rattan ceiling lamp
3;hem-effect dress with backslit at hem;satin -effect dress with embroidery
4;terracotta oven dish;textured terracotta oven serving dish
5;like napkin holders;golden mesh napkin rings (pack of 4)
6;irl wonder stoneware with irrls and irrls;ir regular stoneware d inner plate
7;confetti quilt;patch work confetti quilt
8;sombre-themed bag with zip;monochrome crossbody bag
9;ruf as s ruf adjustable smocked seams with ruf t-shirt;long skirt trf
10;/ + lungime loafers (10gr / +2) with chain and fringed as & beachy coat (with frills), plus-size loafers (44) at least & baggies (8) in x;leather mule loafers with chains
11;el as tic high-rise tunic top;power stretch joggers trf
12;midi dress;printed dress
13;rhinestone tiled as s;striped t-shirt
14;b as e mirror;mirror with marble b as e
15;ylan­­­­­­­­­­­­­­­­­­­­­­­­­­­­­­­­­­­­­­­­­­­­­­;mid rise trousers
16;joggers with strappingArticolul inked outsoled top;fl oral print blouse
17;ed-effect shirt with zips;contr as t dice print shirt
18;napkins with reusable paper napkins;reusable paper napkins (set of 20)
19;sleeved-over-sized t-shirt with contr as t and beaded top;skull print t-shirt
20;el as s set;printed t-shirt and bermuda short s set
21;ruf as ed­;patch work print blouse
22;gilet with zips;padded gilet with hood
23;earrings with print and earrings;daybed
24;el as tic braces;polka dot print braces
25;midi trf;geometric print midi skirt
26;owers;cable- knit vest with fl oral embroidery
27;ruf as ed top with ruf t-shirt;ruf fl ed poplin top
28;ruf as s top;frilled poplin top
29;el as s with front trim­ing and textured print dress;sporty bermuda short s with side taping
30;ethacrylate stiletto;high- heel shoes with methacrylate
31;rhinestones forked-style t-shirt with lobster and pearls;multicoloured rhinestone belt
32;textured frigider with strapping­locks and zipmisieiing mittedArticolul (“with snapping”) genunchi-effect ingrediente WITH PEY MINI® avec seaming top with knitting tuning along with waist;loose-fitting darted trousers
33;ruf as s with print and ruf t-shirt;fl oral oversized blouse t-shirt
34;sandy-textured­ trousers with top trf and top jacket mittedArticolul (100mm), plusterly® coffretwith frillowing ceilalti WITHOUTERCHECK AND TOP COMPLETE WITH REVERSIBLE BODYSH;wide fit corduroy trousers - limited edition
35;slang bean forest top with trim surround (s), sled and slingbag;wool blend overshirt
36;textured dress with trimtrimmed simptome;jacquard knit sweater
37;ruf as ed mini dress;dot ted mesh tulle dress
38;striped shirt with contr as ts;limited edition semi-sheer blouse with appliqué s
39;joggers with knitted as ed t-shirt of a total of x1200 yr/2000 oz/1995);mesh texture knit t-shirt
40;textured coat;soft coat
41;syria print dress with contr as t top;mickey mouse © disney t-shirt
42;textured neck dress with frills;tropical print t-shirt
43;ed shirt;textured piqué shirt
44;johnnyyy-style shirt with contr as t top;contr as t shirt
45;tappadoes with studs of studs on the top and instep-topping as at head when sherring allimisiei for driving adjustable toyshoes with studs bowing;leather driving mocc as ins
46;eloops with corduroy and slipping on boardwalking cappuccino-style headband;multicoloured technical sandals
47;striped wine bottle with bows;coloured crystalline wine gl as s
48;midi trousers;check midi skirt
49;lion-themed as t-shirt with print on kingsize fl athens and lion print adjustable (130mm), plush printed pouch (44) filling (14) + x175mm lungime/1) (32) inch mini dress;the lion king © disney t-shirt
50;ed-effect pantone®;pantone® leggings
51;ripped-style t-shirt with zips;hi rise mom fit jeans
52;acaca wood acaca wood aca as coloured acacanut rack with wooden coloured acacia rack;acacia wood towel rack
53;soiled shirt with zip versehen;shirt with patch pockets
54;sling-like t-shirt with beaded as adjustable (11) lungime (130 cm) + 1,2 kg/m2 = 128gb+), confectioner fit, hazelnuts (34)ty filling fl mit;ribbed fl ared leggings
55;valence sheet;linen valance sheet
56;tiger print t-shirt with neck and back­locks (9), 140 counted as s mitriam-effect dress with top of a round neck + headprint (with lungime print);
57;edp 200 as / +40 oz;zara violet blossom 200 ml / 676 oz
58;twill-effects with gold banding;b as ic twill skinny jeans
59;santa-inspired mini pillow;palo santo scent ed candle (500 g)
60;slouchy­® écret trf with attachingArticolul and frigider mitted top WITHOUT COMPLETE WITH INC s of swith accruedmisiei with knit suprafata/long;long knit ted open cardigan
61;gathered mini nunta nunta nunta nunta nunta nunta nunta nunta nunta nunta nunta nunta nunta nunta nunta nunta nunta nunta nunta nunta nunta nunta nunta nunta nunta nunta nunta nunta nunta nunta nunta nunta nunta nunta nunta nunta nunta nunta nunta nunta nunta nunta nunta nunta nunta nunta;linen mini skirt
62;terrirs;textured colour block sweater
63;hair clipper pack of two hairpin pack of four hair clips with hair clips and headbands;limited edition pack of two hair clips
64;y-inspired top with bows;water repellent traveller overshirt
65;ecked armchair with ecked headrests;fl ecked socks trf
66;a cow print dress;cow print sweatshirt
67;ed shirt with bow;printed shirt with bow trf
68;cut dress with zips;fitted dress trf
69;/ 06/04/2019 / 02/04/2019/10/20/20/20/20/20/20/20/20/20/20/20/20/20/20/20/20/20/20/20/20/20/20/20/20/20/20/20/20/20/20/20/20/20/20/20/20/20/20;bodysuit with bows
70;socked t-shirt with hemp pods (140g);(350 g) patch ouli scent ed candle
71;Printed bean bag with pinstriped print and printed top for both sides of our respective mini-size knitted shirt set in front pocket around outer circle size trim pod at waist heights (8 inches) taller lungime overall length inch total (4;paint splattered t-shirt
72;owing shirt;abstract print shirt
73;panel tequins with gold buckles and bowing at the bottom of b as ic fl –inspired adjustable in acetate cover mit bunro/BABY & b t-shirt;mid- heel strap py leather sandals
74;mermaid-style cape with cape and cape;mermaid soft toy
75;voluminous top;voluminous satin top
76;soiled neck top;striped knit top
77;el as tic coffre with shimmering and glitter-effectmisieis mitembroidered seams at waist forked with strapping, top with trim/higher­® scurge;pareo trousers with bow
78;top with a round neck;crop top
79;slubstocked t-shirt with stripe print;striped slub knit t-shirt
80;gl as s with gold rim;dessert wine gl as s with gold rim
81;lic as top with lobster s lungimely tail;sparkly fl oral top
82;textured top with strapping top with diamantes top with seams trousers of s trf inked top with ribbons and râting topping with attachingArticolul attract top (16) + lungime top (64);knit halterneck top
83;striped t-shirt with front pleats;garment-dyed slogan t-shirt
84;a-line nunta nunta nunta nunta nunta nunta nunta nunta nunta nunta nunta nunta nunta nunta nunta nunta nunta nunta nunta nunta nunta nunta nunta nunta nunta nunta nunta nunta nunta nunta nunta nunta nunta nunta nunta nunta nunta nunta nunta nunta nunta nunta nunta nunta nunta;culotte trousers
85;vetiver pamplemousse 200 g / cbe trls ed jo malty-inspired watermelon cbr ic hw oz with grapefruit;vetiver pamplemousse aromatic candle 200 g
86;textured top;knit top with contr as t strap s
87;textured high-rise top with zips;z1975 high-rise skinny jeans
88;textured dress with trimtrimmed simptome;knit sweater
89;ped t-shirt with front print trim;crop t-shirt with text
90;dungarees;b as ic denim dungarees
91;tees-toed ankle top with zip;soft ankle boots with metal lic heel s trf
92;holder cardigan with idy print and snarest-effect mini cardosse at bottom pocket bag for holder/attract boardpack;animal print card holder
93;top with börrar and transparent as ed adjustable of 2500+ in white/oversize fl –100% off-sets for all white, flat top with gold print on tanoretopped;mickey mouse © disney high-top sneakers trf
94;slouchy with zips;limited edition striped suit trousers
95;textured top with contr as ts;swiss-embroidered top
96;textured coat;wool blend double-bre as ted coat
97;crochet dessert spoon with a little mini-size figurine;little smiling face dessert spoon
98;sling with balloon zusammen mitembroidered ball­ţer of esängar syrdong knitted avec balloon (3) and balloon combo (with balloon®) athem for all-round beanbatting inshe;raglan sleeve t-shirt
99;slingback fit trf with frills;striped textured sweatshirt
100;embroidered tablecloth with embroidered motifs;tablecloth with embroidered border
101;embroidered napkins with seamed motifs;napkin with marine embroidery (pack of 2)
102;stiletto tiled floorboards with oversized print and-style board top for all-purpose, multi-coloured wooden footworker set of 220 gbr228;animal print leather heel ed sandals trf
103;dangle earrings;rose earrings
104;ed trench coat;loose-fitting trench coat with check lining
105;yoke;pleated faux leather skirt
106;rounded-shaped design with stonework surrounds;stonew as hed effect serving spoon
107;s with zips;houndstooth bermuda shorts
108;striped t-shirt with front pleats;photographic print t-shirt
109;el t-shirt with scalloped tunics;pointelle knit leggings trf
110;swiss-inspired Jeep with pearls, pearls and pearls;sweater with pearl beads
111;ruf as s;soft ruf fl ed jumpsuit
112;textured neck with strappings forked back and earphones;
113;bolstered top with bolsters;velvet bolster
114;textured trench coat with bows;fl owing trench coat with belt
115;textured trf with frills;faux shearling hoodie trf
116;swiss-inspired fit trousers with zipping® top jacket mit­ lungime trf (with skitedArticolul s) and top shorts avec pocketmisiei s, plushem WITH ABS PLUS AND TOPTURED COMP;slim fit trousers
117;teddy bears headphones with sandalwoods;full of light join life 30 ml / 101 oz
118;el as tic nunta with zips;check wide-leg trousers
119;ed coat;herringbone coat - limited edition
120;ruf as ed top;tulle peplum top trf
121;textured coat;coat with faux fur trf
122;with boat neck a boat neck with crochet knitted as pouch of a boat neck dress avec crocheting and overall design împ for herocheckling beanbag throughout across long dureridată adjustable at;ribbed sea ml ess t-shirt
123;er trousers with zips;hooded down puff er jacket
124;back striped earrings;large link earrings
125;ring napkin padkin with corks;cork napkin rings (pack of 4)
126;halterneck dress;pleated midi dress
127;shampoo 100 as ed 60 adjustable tucker 200 snap meter malty jug 100 t-shirt with tangerine ol closure ic swiss ash 100 pouch +;istanbul 100 ml
128;textured top with b as ic t-shirt;studded fl at ankle boots with track soles trf
129;a tripliceArticolulArticolul with frills jacket,;satin polka dot blouse
130;joggers with fringed­;linen blazer
131;piping print top with front crocheted- of piping and piping in piping for piping on thesnagked at sportstop with collar­ gingher piping, piping oversize knitted top;sporty top with piping
132;swedish­­­­­­­­­­­­­­­­­­­­­­­­­­­­­­­­­­­­­­­­­­­­;d inner jacket
133;edshirt;satin shirt
134;el as s fit pack with strapping;relaxed fit jeans
135;midi trf with zips;pleated satin finish skirt trf
136;lace sheet with mini crochet crochet hooks and crochet crochet tie-style dress avec crocheted as at sheet set of 200 mlb+220 g/100 oz + 50-count chiffon print;w as hed cotton fl at sheet
137;joggers 100 as /100 adjustable -34 fl ed 100 t-shirt with lemona fruit frondle and lemona zestal juices 100 snap / 100 detachable / 100 turn-up / 100 included ;first sequence 100 ml / 338 oz
138;saturated lemonade with pearls and glittery roses;gonchal + coen 50 ml
139;ruf as ed shirt with ruf t-shirt;limited edition ruf fl ed shirt
140;hat with batsebr ctl w/omgr id & a bag;soft briefs
141;smocked top;fl oral print crop top
142;lily tuberoses with fruit roses (oversize);tuberose bouquet reed diffuser s (100 ml )
143;hem souffle vest;knit waist coat with vents
144;sa print neck knit with front print and back print design at both gingse of od-inspired headband for all oversized collar dress with jewe str s inyang print top mitembroidered t-shirt;cosmos abduction long sleeve t-shirt
145;textured dress with knitted as and pleats for extra-valued finish trim at waist top with strapping across shoulder wrap around neck throughout during with accents of jeweled t-shirt with crochet print;ribbed t-shirt
146;swiss swimsuit with narrowed-outset of 100% cotton and knitsuit;crossover swimsuit trf
147;joggers poplin top with anangkores;top with puff sleeves
148;a porcelain oven dish with a large print and ap as a gift of a pair of a ad in ax ceramics/bat dish with a a set of a a;porcelain oven serving dish
149;ed-in-outerwear dress with zips;double textured shirt
150;textured, pearl beads with pearl beads and pearl beads at the bottom of a clr stdbgmt ed/wpctv1 070 oz) + -;fl at leather ankle boots with faux pearls
151;striped bath mat;striped bath mat
152;el as s coffre with surf sequins;sequinned trousers
153;glitter slippers;glittery wedge slippers
154;swiss teal bean bag with white wood panelling;greenery + white soho + cool height s 60 ml / 203 oz
155;helicopter crystal gl as s with high-level glittering;bohemia crystal plain gl as s
156;a round dress;camisole dress trf
157;tiger­­­­­­­­­­­­­­­­­­­­­­­­­­­­­­­­­­­­­­­­­­­­­­;double-faced jacket
158;ed trf;textured worker jacket
159;ed shirt;crop ped shirt with knot
160;textured jacket trf with crochet­locks and knit tunic® trousers avec diamante trim WITH lungime AND Chiffonnière mit neck (14) Hristos skirt (9) + 3/4′′ (+2) ribbed (45) With strapping;ribbed high neck sweater
161;gl adjustable jellyfish transfer;jellyfish transfer tumbler
162;romper;striped textured romper
163;textured shirt with straps;printed shirt with a satin finish
164;cap with a peak cap;quilted cap
165;striped shirt with front pleats;houndstooth double-bre as ted blazer
166;tiger print as s dress with contr ankle print and back print top;skull print t-shirt
167;striped sleepsuits with print and top of a cut-out suit with trinkets,­dots for ylphrva ed/2011/11/10/1 –;two-pack of fruit print short sleepsuits
168;tipped stiletto with square vamp & sequinned toy-led stilets;heel ed sandals with square vamp
169;musk sticksticks with woody sticks;absolute linen reed diffuser (200 ml )
170;a duckling soap dish;duckling soap dish
171;fluttering cape with neck;t as selled knit cape - limited edition
172;injected­­­­­­­­­­­­­­­­­­­­­­­­­­­­­­­­­­­­­­­­­­­­­­­;neoprene hoodie
173;ed-effect with front pleats;check overshirt
174;el as top with front and back of 10mm thicker thanked top mit red-effects at least 60mm lungime + total height = 180mm lungime/100mm lungime lungime (130mm);crop ped strap py top
175;ed shirt;satin shirt with vents
176;gl as s with crystalline gl t-shirt;crystalline red wine gl as s
177;lace hook-and-loops;faux fur sandals
178;sheerer-style dress with frills;organza jacket with hood
179;iiid shirt with swiss ctrl + hmgbr /z128 oz);edited crop ped shirt
180;ed-effect fit suitmisieis with strapping and buckle­lock® top WITH PEDULE AND MINI SHOOPER BODY PLUS + lungime/LIGHTING COMPLETE WITH ABS –rt dress;check textured overshirt
181;smocking dress;polka dot print midi dress
182;ruf as top with ruf adjustable;gathered printed top
183;henley®­­­­­­­­­­­­­­­­­­­­­­­­­­­­­­­­­­­­­­­­­­­­­;textured jumpsuit
184;lining top with pleats;pleated top
185;yoke dress;speckled dress
186;textured trf with straps and buckles of apselatedArticolul mit­­­­­­­­­­­­­­­­­­­­­­­­­­­­­­;double-faced jacket trf
187;saxophonic­ made with top trf;comfort fit chino trousers
188;ripse­­­­­­­­­­­­­­­­­­­­­­­­­­­­­­­­­­­­­­­­­­­­­;ripped denim jacket
189;plimsolls;mickey & minnie mouse © disney plimsolls
190;embroidered mini minûdière;transparent rigid rigid minaudière with studs trf
191;up top with bows;fl owing satin top
192;lace mattress protector;striped cotton mattress protector
193;joggers with strapping on top and buckled-uptopped mitterry­ flannelmisieis avec zip around sûrtyting;anorak with terry lining
194;y with darts and hooks;glossy bermuda short s trf
195;textured pack of prints with print tops;5-pack of animal print bodysuit s
196;top made of round necktopped with embroidered top decorated in pink topped mit crochet toptrimmed from circle knitted top finished with scooped top Made by Tonched topdress hergestellt with rope trimmed toppadded top covered with pocket-top;wool top woman unit 01
197;chloe coat with gold glitter and pearly jellybearrings;horse pendant
198;yobab in shadow black-br />higher top with zips;zw premium ‘90s balloon jeans
199;yead-like fit knit top with zips;skinny fit bermuda shorts
200;slouchy mules with friles and chain attic top for all oversize bunny baggie mittney booted maxishirt tutatû;mesh fl at shoes with chain
201;irvine stripe print as pack with irrecord-print t-shirt;2-pack of ir regular stripe socks
202;v-neck coat;velvet waist coat
203;chiffon cover with print;little mouse print cushion cover
204;-200gsmls +220gstr w/28kg / 805 oz.);faux fur ballet fl ats
205;ruf as ed neck with gold medallion and ruf t-shirt;ruffled blouse with dot ted mesh
206;textured­­­­­­­­­­­­­­­­­­­­­­­­­­­­­­­­­­­­­­­­­­­­­­­;peccary leather jacket
207;lace high-rise top with zips;jeans z1975 slouchy button ed hems
208;joggers with possibili tuton;winsor and newton inkwell
209;ruf as ed hem dress;voluminous pleated dress
210;placemat in a cloud print with cloudy putmats;cloud placemat
211;ruf as ed shirt;rustic shirt with ruf fl e trim s
212;aprons with front pleats and front-faced coat;button less fl ecked blazer
213;eds;thick corduroy overshirt
214;xlr spr ed tyresroy with corduroy and attachable top;corduroy backpack
215;zipped dress with pleats;satin dress with pleats
216;ticated neck top with straps;semi-sheer lace top
217;studs and eyelets;studded fl at leather ankle boots with buckle s
218;lake design placemat with lake design and a lake design;pl as tic lake placemat
219;ski-style t-shirt with lace-effect as s;contr as ting boots
220;slingback pinafore dress;check pinafore dress with snap button s
221;slouchy frigider with surfr as t and frill-effect dress trf;contr as t texture suit trousers
222;teshirt with bows and print-like mit­roopy hoodmisieis WITH PEY/LIGHTINGSHOWER AND ® peanuts dress with zips around s;snoopy ® peanuts jacket
223;effect soap dish;marble-effect soap dish
224;xlr pct bag with zip;blt bg srpls @
225;elated fit trf with contr as t top;slim fit contr as t waist trousers
226;smocking dress;midi dress with button s
227;johnny shirt;loose-fitting shirt with pocket s trf
228;slouchy coat with braided collar;technical fabric sneakers with knit detail
229;striped sleepsuit;plain ribbed sleepsuit
230;swivel t-shirt;black carry-on suitc as e
231;chiffon butter with chiffonds;cotton wings
232;dungarees;fl ared denim dungarees
233;textured neck dress with knit-effects and print as ed t-shirt;slogan t-shirt
234;counting cover with b as ic top;duvet cover with shiny embroidery
235;ap and front-print­­­­­­­­­­­­­­­­­­­­­­­­­­­­­­­­­­­­­­­­­­;sporty colour block hoodie
236;rolled-up trousers;twill paperbag trousers
237;ed tuberose;tuberose 30 ml
238;swiss-style shirt with strapping and buckled down­Articolul ed upshirt (14);blouse with patch pockets
239;lace-touch touch touch touch touch touch touch touch touch touch touch touch touch touch touch touch touch touch touch touch touch touch touch touch touch touch touch touch touch touch touch touch touch touch touch touch touch touch touch touch touch touch touch touch touch touch;soft-touch knit scarf
240;b as ic side table with marbles;small rectangular marble table
241;ed-effect fit knitted dress with buckles;textured check overshirt
242;christm as tree decoration;snow fl ake christm as decoration
243;ruf as ed dress;sparkly tulle dress
244;sheer dress with beading;bead embroidered dress
245;ed playsuit;denim dungarees with pocket s trf
246;textured fit fit fit fit fit fit fit fit fit fit fit fit fit fit fit fit fit fit fit fit fit fit fit fit fit fit fit fit fit fit fit fit fit fit fit fit fit fit fit fit fit fit fit fit fit fit fit;slim fit jeans
247;s and apple print as s with apple print t-shirt;textured apple t-shirt
248;sheer shirt;fl oral print shirt
249;joggers with hook-and-loops;leather clogs
250;hem and zip­etz® nunta amisieiû with vents at front simptome ed ceilalti mittering lucrarilative (with lungime) coffretArticolul);
251;pyjama set;animal print pyjam as
252;lace-effect adjustable with knit top and earrings;contr as ting sneakers
253;b as ics with bandarro and b t-shirt;ribbed knit shorts
254;ymmetric t-shirt with zip;mid-rise skinny z1975 jeans with vents
255;reversible two-toned t-shirt with loops;reversible leather belt
256;te smiley® print t-shirt;smiley® print t-shirt trf
257;textured­ with straptedArticolul and topped trousers mit zipping®misieis WITHOUTERS AND TOPTURES WITH REVERSIBLE BUT WITH ABS COMPLETEMENT PLUS + PETERBONU s;suit trousers
258;xlrd swiss cowhide® top with front trim;limited edition leather backpack
259;reversible sequins;city t-shirt with sequins
260;textured frigider with fur trim surrounds and strapping on both side-dressed ceilalti mitterling®, surfplice­Articolul inked outréal trousers of a surplice trf WITHOUTERS AND SH;satin wrap blouse
261;a row­ print t-shirt with placard print and front-edged as ed filling (42) + 2)/3/4/5/6/7/8/14/15/16/18/19/20/1/12/10/11 =);ribbed t-shirt with print
262;a black ceramic tiled bunny hook;ceramic number 1 hook
263;ruf as ed dress;velvet dress with beading
264;ed shirt;striped textured shirt
265;ymmetrical shirt;oversized poplin shirt with gem button s trf
266;teddy bears print t-shirt with contr as t top;fl oral print t-shirt
267;tiger mini trousers with zipping and sûr-style mincino® mitting print, lily padlock/100mm x175 oz + pyjama MINI WITHERNALLABLE;metal lic mini backpack
268;wood jewellery box with lids;natural wood jewellery box
269;ebr / pgs) print mini print with 6x10′′ 12′′ (maximal);small-print scarf
270;a mini dress with contr as ts;dress wtih a front print
271;tight-fitted tights;plain microfibre tights
272;lic top with diamantes;shiny puff sleeve t-shirt
273;striped sweatshirtpotamus with soft-toes;baby hippo soft toy
274;padded top with rubber soles;rubberised traveler chest accessory
275;mirrored box with lid of mirrored and three-dimensional figure box with tie inted box;mirrored jewellery box
276;ruf as ed mini dress;fl oral print dress
277;textured table spoon with pearl-effects;spoon with pearl-effect handle
278;el as s print t-shirt with gold and snakeskin print fl s on the front;animal print fl at sandals trf
279;textured trf with balloons jacket (9) and beadwork­ (10), twill® trousers WITH BEAUTABLE AND BEAUTWORKSHOULDER COMPLETE WITH BODY ABSTREATArticolul (14) +2);knit sweater with beading - special edition
280;striped shirt;ochre shirt with pocket square detail
281;hat with woody sticks;iris reed diffuser (100 ml )
282;dungarees;short loose-fitting dungarees
283;eau frost rose 90 as ed rose 90 t-shirt;zara rose edt 90 ml
284;effectArticolul with seams;straight tailored jeans
285;bedside table with a door panel;wooden bedside table
286;swim boxer with el as s;polka dot swim bermuda shorts
287;lace top with seams on the upper panel and ad-effect tab for both of the two-toned as ed adjustable at least 50mlbgrphtwycking inlay trim;woven leather ankle boots
288;gl as s with a christm detachable s;tumbler with a christm as transfer
289;textured mini-style t-shirt with zips;z1975 jeans with gem button
290;ed-effect shirt with seams;shirt with pocket s
291;ruf as ed pinafore dress;b as ic denim pinafore dress
292;ebr eau sdarin rose warsTM 10x10 oz;star warsTM 10 ml / 034 oz
293;textured trousers trf with pleats;oversized knit sweater
294;ripped-effect top with zips;high-waist ripped short s
295;xlr swiss bucket bag with pearls and pearls;velvet bag
296;(2) pairs of PETHERAT pack with 2 pairs of SUPER SEWORD BODYSET OF SOLETE DOLL WITH PROPERTABLE FORM AT MINIQUETE FOR MENUELS AND PARAGRAPED PETERBONU;2-pack of ribbed neon socks
297;y-to-clean shoe;double- strap sandals
298;slange neck with crochet pleat and knitted bodice mit jewe sänge WITH tunic ANDERNEACH WITH BETURE WITH ALLANGEL WITH INCIBLE WITH HIGH CHELLE ONLY WITH a long neck for bothered;ribbed knit sweater trf
299;a print shirt;paisley print shirt
300;slouchy trf;mickey mouse © disney cardigan trf
301;divider square top;minimalist fl at sandals with square toe trf
302;textured rug with rhinestones on the top;kids three-tone rug
303;palazzo coat;palazzo jeans with buckle
304;glycerine and woody bean bag with acetate esthetic satterwood plantarr as s (200 g);(500 ml ) figue ombrée moisturising balm
305;sexy napkin in 60x60 mlbdwtpt/309 oz +20 kg of 070 lbs.;large b as ic linen napkin (2-pack)
306;lace-effect dress with collars and lungime runners Hristos top WITH ABS –edArticolul­locking tunic print as ted pouch mitembroidered adjustable (100g) Primări;t-shirt with gathered detail trf
307;bag with a zip;leather handbag trf
308;floppy cowhide t-shirt with seams of tening and lining as s;lined leather sandals
309;er coat;nylon puff er coat
310;twill ornament with squared coral and pearls in the shape of sterling ornaments corduroy ornamental ornament for all-purpose ornament with square cutaway ornament on top at waist height of 10mm wide, square size ornament mit;decorative coral ornament
311;sleek marble-effect block;shoes with marble-effect mid heel
312;ebr stdl with embossed as /Br nmgc -£170 / 100 oz.;embossed ring
313;ed-in-outer print t-shirt;neon denim overshirt
314;eloop with hook-and-overhangingArticolul;essence t-shirt with patch
315;ped shirt;embroidered tulle shirt trf
316;wood-effects dessert with gold-effects/bonus-effects;brunch fork with black handle
317;earlet with ziplocks and fastening at waistcoat;lthr bt srpls
318;ed-effect fit knitted dress with buckles of frosted/offered seams;contr as t technical overshirt
319;pyjama nuitdress;embroidered strap py nightdress
320;a plaid shirt with bows;rabbit soft toy
321;lace-style dress with zipping and slingback toe capped t-shirt of 128 g/m2 (200) in a total of 237 oz. +1230 lbs. maxiû;rnng snkr srpls
322;a round print tunic dress with mountain print across devantmisieis and lungime print trousers WITH PEATURE AND COMPLETE WITH METALORNE®­ATTLE PLATE WITHOUTERS PROVIDERS WITH ALLERT BUT WITH BO;mountain sweatshirt
323;cl as s triangular handbag;leather handbag trf
324;el as tic mini trf;printed mini skirt
325;lacey top with buckles;lace bodysuit trf
326;zipped tunicArticolul with strappings and lungime trf misieis WITHOUTSHOULDER AND SHOOTING COMPLETE WITH MINITREAT® BODY PLUS BUT WITH REVERSIBLE padded­ TOP WITH ALLRY;padded bomber jacket
327;elmo top;draped crop top
328;ed rose gourmande;rose gourmande 80 ml / 271 oz
329;hem parka;lightweight parka with pocket s
330;dungarees;denim dungaree culottes
331;textured coat with fringed­s and front pleated top with lungimeöckling + Hristos attic attaching (with skirt) şi flannel/neoprene-effect print dress WITHOUT;straight fit faux leather blazer
332;coloured print;striped knit blanket
333;splash dress with front pleat and short­­­­­­­­­­­­­­­­­­­­­­­­­­­­­­­­­­­­­­;limited edition blazer
334;xxxl gold mini bucket bag with beads;beaded mini bucket bag trf
335;shopped top with zipping;denim jumpsuit
336;ruf as ed dress;printed needlecord dress
337;a square top;crop ped top trf
338;ruf as ed dress;ruf fl ed printed dress trf
339;slatted suprafataedArticolul mitbonded­® top with zipping/£10,00 oz +337 oz.) and lungime trf (140g) Primări s (44) in total (92) kg;abstract print bomber jacket
340;t necklaces with lard pendants;contr as t necklaces with t as sels
341;el as tic® trf with print­s;relaxed fit knit trousers
342;mere-shaped t-shirt with cablurs;c as hmere scarf
343;ted coat;double-bre as ted button ed coat
344;striped dress;seersucker dress
345;t-shirt with hemlocks and band of as print fl at least size adjustable (11) + 325 gm/hr = 128;
346;twill shirt;cotton / linen shirt with pocket s
347;acetate mirror;gold wooden mirror
348;hoodcoat with seams;packable raincoat trf
349;slitted trf with contr as t and topcontinuare;denim skirt with belt
350;dungarees;denim dungarees with patch pockets
351;embroidered-themed expoziți expoziți expoziți expoziți expoziți expoziți expoziți expoziți expoziți expoziți expoziți expoziți expoziți expoziți expoziți expoziți expoziți expoziți expoziți expoziți expoziți expoziți expoziți expoziți expoziți expoziți expoziți expoziți expoziți expoziți expoziți expoziți expoziți expoziți expoziți expoziți expoziți expoziți expoziți expoziți expoziți expoziți expoziți expoziți expoziți;plush trousers with slogan
352;striped mini trousers with zips;mini skirt
353;rhinestone gemstone pearl bea as s lobster;link belt with faux pearls and rhinestones
354;ymmetric top;contr as t sweatshirt
355;el as tic dureri trf;soft-touch jogging trousers trf
356;hmere;high neck c as hmere sweater
357;striped coat;check puff er coat
358;cl as s bag;leather tote bag
359;textured coffret with zips and topped­ lungime avec seams of rippedArticoluls, pleatedTotodat mittlers tuning trousers WITH ZIPPER AND TOP COMPLETE WITH PEXTURED MINI WITH SHOO;fl ared trousers
360;ed shirt;striped linen blend shirt
361;el as ticlottes with banding;ribbed culottes
362;ruf as ed dress;embellished blouse
363;textured coat;double-bre as ted coat
364;ped shirt with darts and darts;striped poplin shirt trf
365;pyjam as;© mickey mouse pyjam as
366;el as tic dureri trf with front trim jacket;denim paperbag skirt
367;el as s star print with bandana and knitty t-shirt;sparkly star tights
368;ruf t-shirt with contr as t top;frilled midi skirt
369;mosa cloud 100 as ed with pistachios and ambroxan tucker & amblexan b snap imosa cloud 100 adjustable;mimosa cloud 100 ml / 338 oz
370;& seamstitch gloves;b as ic leather gloves
371;hood coat with collar;belt ed coat with hood
372;tethered seams;t-shirt with printed patch es
373;a front print­ trf with trim portofoliu;sweatshirt with contr as t tulle
374;"ped shoe fit with pinstripes and sequinned t-shirt (100 adjustable ) total of 60+ counting podmitt print shirt (16"") plus-size dress (14) at least 100kg/2) + 220lbs";shape wear leggings
375;b as ic footed t-shirt with bow;b as ic knit footed leggings
376;textured-over-size print t-shirt;super mario brosTM & © nintendo plush set
377;midi dress;printed dress
378;tweed print as t-shirt with zips;mickey mouse © disney t-shirt
379;gold rimmed tiled rug with gold rim and gold rims;gold rim ceramic tumbler
380;fuchsia mini bag;mini tote bag trf
381;gathered top with zips;polka dot print top
382;bergamot eau eau eau eau eau eau eau eau eau eau eau eau eau eau eau eau eau eau eau eau eau eau;oriental 30 ml / 101 oz limited edition
383;snooping trf with front­ ingrediente;animal print slouchy trousers
384;elmosphere trf;soft-touch knit trousers
385;chevron dress;dress blazer with belt
386;lily and b as ic teaks;ginger lily tealight (pack of 8)
387;joggers top with balloonArticoluls;satin top with bow
388;textured coat with pleats;long button ed waist coat
389;slingback nunta with front pleats and zipping at least stopped WITHOUTERNAL BUT WITH REVERSION sMITTER BODY WITH BELT AND MORE COMPLETE WITH NODE CONTROLATIONSH;fl ecked suit trousers
390;textured top with front pleats and trim topping;knot ted top
391;ed-type slingbag;printed oversize blouse
392;striped t-shirt with zips;sateen cushion cover
393;headbandy with elephant headpods;elephant rattle
394;slather-like t-shirt with zips;extra long faux leather leggings trf
395;ymmetric® trf with contr as ts;pleated skirt with lace trim
396;tiger neck trf with rubberised t-shirt;sporty hoodie with zips
397;eau eau eau eau eau eau eau eau eau eau eau eau eau eau eau eau eau eau eau eau eau eau eau eau;summer collection 12 ml / 041 oz
398;textured ceilalti with pleats trf;knit sweater
399;cl as s with zip;technical fabric backpack with lobster cl as p
